所管課,都道府県コード又は市区町村コード,NO,都道府県名,市区町村名,名称,名称_カナ,名称_通称,POIコード,住所,方書,緯度,経度,電話番号,内線番号,法人番号,団体名,利用可能曜日,開始時間,終了時間,利用可能時間特記事項,説明,バリアフリー情報,URL,備考
総務課,82333,1,茨城県,行方市,行方市消防団麻生支団第一分団天王崎消防団機庫詰所,ナメガタシショウボウダンアソウシダンダイイチブンダンテンノウザキショウボウダンキコツメショ,天王崎消防団機庫詰所,,茨城県行方市麻生350-8,,35.987091,140.475654,,,,行方市,一般の方への開放施設ではありません,,,,関係者以外利用禁止,,,
総務課,82333,2,茨城県,行方市,行方市消防団麻生支団第一分団宿消防団機庫詰所,ナメガタシショウボウダンアソウシダンダイイチブンダンシュクショウボウダンキコツメショ,宿消防団機庫詰所,,茨城県行方市麻生261-2,,35.987821,140.47998,,,,行方市,一般の方への開放施設ではありません,,,,関係者以外利用禁止,,,
総務課,82333,3,茨城県,行方市,行方市消防団麻生支団第一分団田町消防団機庫詰所,ナメガタシショウボウダンアソウシダンダイイチブンダンタマチショウボウダンキコツメショ,田町消防団機庫詰所,,茨城県行方市麻生1897-5,,35.99193,140.485538,,,,行方市,一般の方への開放施設ではありません,,,,関係者以外利用禁止,,,
総務課,82333,4,茨城県,行方市,行方市消防団麻生支団第一分団下渕消防団機庫詰所,ナメガタシショウボウダンアソウシダンダイイチブンダンシタブチショウボウダンキコツメショ,下渕消防団機庫詰所,,茨城県行方市麻生1138-3,,35.987056,140.487614,,,,行方市,一般の方への開放施設ではありません,,,,関係者以外利用禁止,,,
総務課,82333,5,茨城県,行方市,行方市消防団麻生支団第一分団新原消防団機庫詰所,ナメガタシショウボウダンアソウシダンダイイチブンダンシンパラショウボウダンキコツメショ,新原消防団機庫詰所,,茨城県行方市麻生3324-10,,36.011252,140.50351,,,,行方市,一般の方への開放施設ではありません,,,,関係者以外利用禁止,,,
総務課,82333,6,茨城県,行方市,行方市消防団麻生支団第一分団蒲縄消防団機庫詰所,ナメガタシショウボウダンアソウシダンダイイチブンダンカバナワショウボウダンキコツメショ,蒲縄消防団機庫詰所,,茨城県行方市麻生125-1,,35.986075,140.48609,,,,行方市,一般の方への開放施設ではありません,,,,関係者以外利用禁止,,,
総務課,82333,7,茨城県,行方市,行方市消防団麻生支団第一分団玄通・粗毛消防団機庫詰所,ナメガタシショウボウダンアソウシダンダイイチブンダンゲンヅウ・ホボケショウボウダンキコツメショ,玄通・粗毛消防団機庫詰所,,茨城県行方市麻生1297-1,,35.986511,140.493716,,,,行方市,一般の方への開放施設ではありません,,,,関係者以外利用禁止,,,
総務課,82333,8,茨城県,行方市,行方市消防団麻生支団第一分団富田消防団機庫詰所,ナメガタシショウボウダンアソウシダンダイイチブンダントミタショウボウダンキコツメショ,富田消防団機庫詰所,,茨城県行方市富田1574,,35.98047,140.504504,,,,行方市,一般の方への開放施設ではありません,,,,関係者以外利用禁止,,,
総務課,82333,9,茨城県,行方市,行方市消防団麻生支団第二分団矢幡消防団機庫詰所,ナメガタシショウボウダンアソウシダンダイニブンダンヤバタショウボウダンキコツメショ,矢幡消防団機庫詰所,,茨城県行方市矢幡514-1,,36.013455,140.533029,,,,行方市,一般の方への開放施設ではありません,,,,関係者以外利用禁止,,,
総務課,82333,10,茨城県,行方市,行方市消防団麻生支団第二分団石神消防団機庫詰所,ナメガタシショウボウダンアソウシダンダイニブンダンイシガミショウボウダンキコツメショ,神消防団機庫詰所,,茨城県行方市石神749-4ほか,,36.013352,140.516819,,,,行方市,一般の方への開放施設ではありません,,,,関係者以外利用禁止,,,
総務課,82333,11,茨城県,行方市,行方市消防団麻生支団第二分団根小屋消防団機庫詰所,ナメガタシショウボウダンアソウシダンダイニブンダンネゴヤショウボウダンキコツメショ,根小屋消防団機庫詰所,,茨城県行方市根小屋1138,,36.019076,140.532617,,,,行方市,一般の方への開放施設ではありません,,,,関係者以外利用禁止,,,
総務課,82333,12,茨城県,行方市,行方市消防団麻生支団第二分団白浜消防団機庫詰所,ナメガタシショウボウダンアソウシダンダイニブンダンソラハマショウボウダンキコツメショ,白浜消防団機庫詰所,,茨城県行方市白浜101-1,,36.02503,140.554031,,,,行方市,一般の方への開放施設ではありません,,,,関係者以外利用禁止,,,
総務課,82333,13,茨城県,行方市,行方市消防団麻生支団第二分団宇崎消防団機庫詰所,ナメガタシショウボウダンアソウシダンダイニブンダンウザキショウボウダンキコツメショ,宇崎消防団機庫詰所,,茨城県行方市宇崎1504-1,,36.016206,140.544998,,,,行方市,一般の方への開放施設ではありません,,,,関係者以外利用禁止,,,
総務課,82333,14,茨城県,行方市,行方市消防団麻生支団第二分団岡消防団機庫詰所,ナメガタシショウボウダンアソウシダンダイニブンダンオカショウボウダンキコツメショ,岡消防団機庫詰所,,茨城県行方市岡575-1,,36.022971,140.535584,,,,行方市,一般の方への開放施設ではありません,,,,関係者以外利用禁止,,,
総務課,82333,15,茨城県,行方市,行方市消防団麻生支団第三分団大和東消防団機庫詰所,ナメガタシショウボウダンアソウシダンダイサンブンダンヤマトヒガシショウボウダンキコツメショ,大和東消防団機庫詰所,,茨城県行方市天掛459,,36.047599,140.546976,,,,行方市,一般の方への開放施設ではありません,,,,関係者以外利用禁止,,,
総務課,82333,16,茨城県,行方市,行方市消防団麻生支団第三分団大和消防団機庫詰所,ナメガタシショウボウダンアソウシダンダイサンブンダンヤマトショウボウダンキコツメショ,大和消防団機庫詰所,,茨城県行方市板峰52-1,,36.038254,140.521856,,,,行方市,一般の方への開放施設ではありません,,,,関係者以外利用禁止,,,
総務課,82333,17,茨城県,行方市,行方市消防団麻生支団第三分団四鹿消防団機庫詰所,ナメガタシショウボウダンアソウシダンダイサンブンダンシロクショウボウダンキコツメショ,四鹿消防団機庫詰所,,茨城県行方市四鹿583-2,,36.042385,140.504624,,,,行方市,一般の方への開放施設ではありません,,,,関係者以外利用禁止,,,
総務課,82333,18,茨城県,行方市,行方市消防団麻生支団第三分団青沼消防団機庫詰所,ナメガタシショウボウダンアソウシダンダイサンブンダンアオヌマショウボウダンキコツメショ,青沼消防団機庫詰所,,茨城県行方市青沼598-4,,36.03188,140.515566,,,,行方市,一般の方への開放施設ではありません,,,,関係者以外利用禁止,,,
総務課,82333,19,茨城県,行方市,行方市消防団麻生支団第四分団於下消防団機庫,ナメガタシショウボウダンアソウシダンダイヨンブンダンオシタショウボウダンキコ,於下消防団機庫,,茨城県行方市於下572-4,,36.039256,140.460037,,,,行方市,一般の方への開放施設ではありません,,,,関係者以外利用禁止,,,
総務課,82333,20,茨城県,行方市,行方市消防団麻生支団第四分団今宿消防団機庫詰所,ナメガタシショウボウダンアソウシダンダイヨンブンダンイマジュクショウボウダンキコツメショ,今宿消防団機庫詰所,,茨城県行方市於下1020-4,,36.032355,140.452732,,,,行方市,一般の方への開放施設ではありません,,,,関係者以外利用禁止,,,
総務課,82333,21,茨城県,行方市,行方市消防団麻生支団第四分団行方消防団機庫詰所,ナメガタシショウボウダンアソウシダンダイヨンブンダンナメカタショウボウダンキコツメショ,行方消防団機庫詰所,,茨城県行方市行方889-2,,36.045933,140.460669,,,,行方市,一般の方への開放施設ではありません,,,,関係者以外利用禁止,,,
総務課,82333,22,茨城県,行方市,行方市消防団麻生支団第四分団船藤消防団機庫詰所,ナメガタシショウボウダンアソウシダンダイヨンブンダンフナフジショウボウダンキコツメショ,船藤消防団機庫詰所,,茨城県行方市船子231-1ほか,,36.04635,140.45223,,,,行方市,一般の方への開放施設ではありません,,,,関係者以外利用禁止,,,
総務課,82333,23,茨城県,行方市,行方市消防団麻生支団第四分団五町田消防団機庫詰所,ナメガタシショウボウダンアソウシダンダイヨンブンダンゴチョウダショウボウダンキコツメショ,五町田消防団機庫詰所,,茨城県行方市五町田331-1,,36.047838,140.441637,,,,行方市,一般の方への開放施設ではありません,,,,関係者以外利用禁止,,,
総務課,82333,24,茨城県,行方市,行方市消防団麻生支団第五分団小高消防団機庫詰所,ナメガタシショウボウダンアソウシダンダイゴブンダンオダカショウボウダンキコツメショ,小高消防団機庫詰所,,茨城県行方市南571-2ほか,,36.030505,140.47357,,,,行方市,一般の方への開放施設ではありません,,,,関係者以外利用禁止,,,
総務課,82333,25,茨城県,行方市,行方市消防団麻生支団第五分団橋門消防団機庫詰所,ナメガタシショウボウダンアソウシダンダイゴブンダンハシカドショウボウダンキコツメショ,橋門消防団機庫詰所,,茨城県行方市橋門179,,36.027615,140.461596,,,,行方市,一般の方への開放施設ではありません,,,,関係者以外利用禁止,,,
総務課,82333,26,茨城県,行方市,行方市消防団麻生支団第五分団南消防団機庫,ナメガタシショウボウダンアソウシダンダイゴブンダンミナミショウボウダンキコ,南消防団機庫,,茨城県行方市南171-3,,36.021257,140.471001,,,,行方市,一般の方への開放施設ではありません,,,,関係者以外利用禁止,,,
総務課,82333,27,茨城県,行方市,行方市消防団麻生支団第五分団島並消防団機庫詰所,ナメガタシショウボウダンアソウシダンダイゴブンダンシマナミショウボウダンキコツメショ,島並消防団機庫詰所,,茨城県行方市島並1285-3,,36.008921,140.47209,,,,行方市,一般の方への開放施設ではありません,,,,関係者以外利用禁止,,,
総務課,82333,28,茨城県,行方市,行方市消防団麻生支団第五分団小高東消防団機庫詰所,ナメガタシショウボウダンアソウシダンダイゴブンダンオダカヒガシショウボウダンキコツメショ,小高東消防団機庫詰所,,茨城県行方市小高1302-15,,36.033541,140.482809,,,,行方市,一般の方への開放施設ではありません,,,,関係者以外利用禁止,,,
総務課,82333,29,茨城県,行方市,行方市消防団北浦支団第一分団山田消防団機庫詰所,ナメガタシショウボウダンキタウラシダンダイイチブンダンヤマダショウボウダンキコツメショ,山田消防団機庫詰所,,茨城県行方市山田1278-2,,36.073284,140.526206,,,,行方市,一般の方への開放施設ではありません,,,,関係者以外利用禁止,,,
総務課,82333,30,茨城県,行方市,行方市消防団北浦支団第一分団吉川消防団機庫詰所,ナメガタシショウボウダンキタウラシダンダイイチブンダンヨシカワショウボウダンキコツメショ,吉川消防団機庫詰所,,茨城県行方市吉川1497,,36.056476,140.541298,,,,行方市,一般の方への開放施設ではありません,,,,関係者以外利用禁止,,,
総務課,82333,31,茨城県,行方市,行方市消防団北浦支団第一分団中根消防団機庫詰所,ナメガタシショウボウダンキタウラシダンダイイチブンダンナカネショウボウダンキコツメショ,中根消防団機庫詰所,,茨城県行方市中根530-2,,36.064116,140.508405,,,,行方市,一般の方への開放施設ではありません,,,,関係者以外利用禁止,,,
総務課,82333,32,茨城県,行方市,行方市消防団北浦支団第一分団繁昌消防団機庫詰所,ナメガタシショウボウダンキタウラシダンダイイチブンダンハンジョウショウボウダンキコツメショ,繁昌消防団機庫詰所,,茨城県行方市繁昌47-1,,36.067883,140.523179,,,,行方市,一般の方への開放施設ではありません,,,,関係者以外利用禁止,,,
総務課,82333,33,茨城県,行方市,行方市消防団北浦支団第二分団行戸消防団機庫詰所,ナメガタシショウボウダンキタウラシダンダイニブンダンユクドショウボウダンキコツメショ,行戸消防団機庫詰所,,茨城県行方市行戸240,,36.085345,140.4667,,,,行方市,一般の方への開放施設ではありません,,,,関係者以外利用禁止,,,
総務課,82333,34,茨城県,行方市,行方市消防団北浦支団第二分団小幡消防団機庫詰所,ナメガタシショウボウダンキタウラシダンダイニブンダンオバタショウボウダンキコツメショ,小幡消防団機庫詰所,,茨城県行方市小幡708-1,,36.077725,140.4806,,,,行方市,一般の方への開放施設ではありません,,,,関係者以外利用禁止,,,
総務課,82333,35,茨城県,行方市,行方市消防団北浦支団第二分団高岡消防団機庫詰所,ナメガタシショウボウダンキタウラシダンダイニブンダンタカオカショウボウダンキコツメショ,高岡消防団機庫詰所,,茨城県行方市南高岡554-3,,36.066232,140.494795,,,,行方市,一般の方への開放施設ではありません,,,,関係者以外利用禁止,,,
総務課,82333,36,茨城県,行方市,行方市消防団北浦支団第三分団小貫消防団機庫詰所,ナメガタシショウボウダンキタウラシダンダイサンブンダンオヌキショウボウダンキコツメショ,小貫消防団機庫詰所,,茨城県行方市小貫1369-2,,36.108365,140.470229,,,,行方市,一般の方への開放施設ではありません,,,,関係者以外利用禁止,,,
総務課,82333,37,茨城県,行方市,行方市消防団北浦支団第三分団次木消防団機庫詰所,ナメガタシショウボウダンキタウラシダンダイサンブンダンナミキショウボウダンキコツメショ,次木消防団機庫詰所,,茨城県行方市次木300-7,,36.102179,140.484308,,,,行方市,一般の方への開放施設ではありません,,,,関係者以外利用禁止,,,
総務課,82333,38,茨城県,行方市,行方市消防団北浦支団第三分団両宿・内宿消防団機庫詰所,ナメガタシショウボウダンキタウラシダンダイサンブンダンリョウシュク・ウチジュクショウボウダンキコツメショ,宿・内宿消防団機庫詰所,,茨城県行方市内宿187-1,,36.09515,140.510699,,,,行方市,一般の方への開放施設ではありません,,,,関係者以外利用禁止,,,
総務課,82333,39,茨城県,行方市,行方市消防団北浦支団第四分団三和消防団機庫詰所,ナメガタシショウボウダンキタウラシダンダイヨンブンダンミワショウボウダンキコツメショ,三和消防団機庫詰所,,茨城県行方市三和1515,,36.111151,140.522696,,,,行方市,一般の方への開放施設ではありません,,,,関係者以外利用禁止,,,
総務課,82333,40,茨城県,行方市,行方市消防団北浦支団第四分団成田消防団機庫詰所,ナメガタシショウボウダンキタウラシダンダイヨンブンダンナリタショウボウダンキコツメショ,成田消防団機庫詰所,,茨城県行方市成田599,,36.105079,140.514215,,,,行方市,一般の方への開放施設ではありません,,,,関係者以外利用禁止,,,
総務課,82333,41,茨城県,行方市,行方市消防団北浦支団第四分団長野江消防団機庫詰所,ナメガタシショウボウダンキタウラシダンダイヨンブンダンナガノエショウボウダンキコツメショ,長野江消防団機庫詰所,,茨城県行方市長野江457-1,,36.124449,140.504665,,,,行方市,一般の方への開放施設ではありません,,,,関係者以外利用禁止,,,
総務課,82333,42,茨城県,行方市,行方市消防団玉造支団第一分団荒宿消防団機庫詰所,ナメガタシショウボウダンタマツクリシダンダイイチブンダンアラジュクショウボウダンキコツメショ,荒宿消防団機庫詰所,,茨城県行方市荒宿486,,36.052545,140.44016,,,,行方市,一般の方への開放施設ではありません,,,,関係者以外利用禁止,,,
総務課,82333,43,茨城県,行方市,行方市消防団玉造支団第一分団根古屋消防団機庫詰所,ナメガタシショウボウダンタマツクリシダンダイイチブンダンネゴヤショウボウダンキコツメショ,根古屋消防団機庫詰所,,茨城県行方市井上541-1,,36.060441,140.435359,,,,行方市,一般の方への開放施設ではありません,,,,関係者以外利用禁止,,,
総務課,82333,44,茨城県,行方市,行方市消防団玉造支団第一分団西谷消防団機庫詰所,ナメガタシショウボウダンタマツクリシダンダイイチブンダンニシヤツショウボウダンキコツメショ,西谷消防団機庫詰所,,茨城県行方市井上235,,36.065404,140.432162,,,,行方市,一般の方への開放施設ではありません,,,,関係者以外利用禁止,,,
総務課,82333,45,茨城県,行方市,行方市消防団玉造支団第一分団西蓮寺消防団機庫詰所,ナメガタシショウボウダンタマツクリシダンダイイチブンダンサイレンジショウボウダンキコツメショ,西蓮寺消防団機庫詰所,,茨城県行方市西蓮寺486-1,,36.071024,140.435827,,,,行方市,一般の方への開放施設ではありません,,,,関係者以外利用禁止,,,
総務課,82333,46,茨城県,行方市,行方市消防団玉造支団第一分団藤井消防団機庫詰所,ナメガタシショウボウダンタマツクリシダンダイイチブンダンフジイショウボウダンキコツメショ,藤井消防団機庫詰所,,茨城県行方市藤井180-4,,36.055995,140.446183,,,,行方市,一般の方への開放施設ではありません,,,,関係者以外利用禁止,,,
総務課,82333,47,茨城県,行方市,行方市消防団玉造支団第二分団新田・竹の塙消防団機庫詰所,ナメガタシショウボウダンタマツクリシダンダイニブンダンシンデン・タケノハナワショウボウダンキコツメショ,新田・竹の塙消防団機庫詰所,,茨城県行方市手賀2198,,36.074922,140.427501,,,,行方市,一般の方への開放施設ではありません,,,,関係者以外利用禁止,,,
総務課,82333,48,茨城県,行方市,行方市消防団玉造支団第二分団船津消防団機庫詰所,ナメガタシショウボウダンタマツクリシダンダイニブンダンフナツショウボウダンキコツメショ,船津消防団機庫詰所,,茨城県行方市手賀520,,36.084357,140.418166,,,,行方市,一般の方への開放施設ではありません,,,,関係者以外利用禁止,,,
総務課,82333,49,茨城県,行方市,行方市消防団玉造支団第二分団宿消防団機庫詰所,ナメガタシショウボウダンタマツクリシダンダイニブンダンシュクショウボウダンキコツメショ,宿消防団機庫詰所,,茨城県行方市手賀114-1,,36.088399,140.424642,,,,行方市,一般の方への開放施設ではありません,,,,関係者以外利用禁止,,,
総務課,82333,50,茨城県,行方市,行方市消防団玉造支団第二分団新宿・横須賀消防団機庫詰所,ナメガタシショウボウダンタマツクリシダンダイニブンダンシンジュク・ヨコスカショウボウダンキコツメショ,新宿・横須賀消防団機庫詰所,,茨城県行方市手賀3085-1,,36.090349,140.427832,,,,行方市,一般の方への開放施設ではありません,,,,関係者以外利用禁止,,,
総務課,82333,51,茨城県,行方市,行方市消防団玉造支団第二分団小座山消防団機庫詰所,ナメガタシショウボウダンタマツクリシダンダイニブンダンコザヤマショウボウダンキコツメショ,小座山消防団機庫詰所,,茨城県行方市手賀3985-8,,36.09716,140.44252,,,,行方市,一般の方への開放施設ではありません,,,,関係者以外利用禁止,,,
総務課,82333,52,茨城県,行方市,行方市消防団玉造支団第三分団里・内宿消防団機庫詰所,ナメガタシショウボウダンタマツクリシダンダイサンブンダンサト・ウチジュクショウボウダンキコツメショ,里・内宿消防団機庫詰所,,茨城県行方市玉造甲4618-7,,36.111104,140.422252,,,,行方市,一般の方への開放施設ではありません,,,,関係者以外利用禁止,,,
総務課,82333,53,茨城県,行方市,行方市消防団玉造支団第三分団加茂・横町消防団機庫詰所,ナメガタシショウボウダンタマツクリシダンダイサンブンダンカモ・ヨコマチショウボウダンキコツメショ,加茂・横町消防団機庫詰所,,茨城県行方市玉造乙76-1,,36.111794,140.415891,,,,行方市,一般の方への開放施設ではありません,,,,関係者以外利用禁止,,,
総務課,82333,54,茨城県,行方市,行方市消防団玉造支団第三分上宿・川向消防団機庫詰所,ナメガタシショウボウダンタマツクリシダンダイサンブンダンカミジュク・カワムカイショウボウダンキコツメショ,上宿・川向消防団機庫詰所,,茨城県行方市玉造甲94-6,,36.111338,140.413701,,,,行方市,一般の方への開放施設ではありません,,,,関係者以外利用禁止,,,
総務課,82333,55,茨城県,行方市,行方市消防団玉造支団第三分団下宿消防団機庫詰所,ナメガタシショウボウダンタマツクリシダンダイサンブンダンシモジュクショウボウダンキコツメショ,下宿消防団機庫詰所,,茨城県行方市玉造甲404,,36.104994,140.415728,,,,行方市,一般の方への開放施設ではありません,,,,関係者以外利用禁止,,,
総務課,82333,56,茨城県,行方市,行方市消防団玉造支団第三分団高須消防団機庫詰所,ナメガタシショウボウダンタマツクリシダンダイサンブンダンタカスショウボウダンキコツメショ,高須消防団機庫詰所,,茨城県行方市玉造甲1929,,36.09454,140.405894,,,,行方市,一般の方への開放施設ではありません,,,,関係者以外利用禁止,,,
総務課,82333,57,茨城県,行方市,行方市消防団玉造支団第三分団諸井・柄貝消防団機庫詰所,ナメガタシショウボウダンタマツクリシダンダイサンブンダンモロイ・カラカイショウボウダンキコツメショ,諸井・柄貝消防団機庫詰所,,茨城県行方市玉造甲4238-3,,36.103699,140.419375,,,,行方市,一般の方への開放施設ではありません,,,,関係者以外利用禁止,,,
総務課,82333,58,茨城県,行方市,行方市消防団玉造支団第三分団泉消防団機庫詰所,ナメガタシショウボウダンタマツクリシダンダイサンブンダンイズミショウボウダンキコツメショ,泉消防団機庫詰所,,茨城県行方市玉造甲3158-7,,36.103909,140.434955,,,,行方市,一般の方への開放施設ではありません,,,,関係者以外利用禁止,,,
総務課,82333,59,茨城県,行方市,行方市消防団玉造支団第三分団緑ヶ丘消防団機庫詰所,ナメガタシショウボウダンタマツクリシダンダイサンブンダンミドリガオカショウボウダンキコツメショ,緑ヶ丘消防団機庫詰所,,茨城県行方市玉造甲6523-15,,36.121705,140.444611,,,,行方市,一般の方への開放施設ではありません,,,,関係者以外利用禁止,,,
総務課,82333,60,茨城県,行方市,行方市消防団玉造支団第四分団捻木消防団機庫詰所,ナメガタシショウボウダンタマツクリシダンダイヨンブンダンネジキショウボウダンキコツメショ,捻木消防団機庫詰所,,茨城県行方市捻木460,,36.133464,140.416566,,,,行方市,一般の方への開放施設ではありません,,,,関係者以外利用禁止,,,
総務課,82333,61,茨城県,行方市,行方市消防団玉造支団第四分団芹沢消防団機庫詰所,ナメガタシショウボウダンタマツクリシダンダイヨンブンダンセリザワショウボウダンキコツメショ,芹沢消防団機庫詰所,,茨城県行方市芹沢356-1,,36.138886,140.425635,,,,行方市,一般の方への開放施設ではありません,,,,関係者以外利用禁止,,,
総務課,82333,62,茨城県,行方市,行方市消防団玉造支団第四分団上山消防団機庫詰所,ナメガタシショウボウダンタマツクリシダンダイヨンブンダンカミヤマショウボウダンキコツメショ,上山消防団機庫詰所,,茨城県行方市芹沢785-5,,36.14719,140.440592,,,,行方市,一般の方への開放施設ではありません,,,,関係者以外利用禁止,,,
総務課,82333,63,茨城県,行方市,行方市消防団玉造支団第四分団中山消防団機庫詰所,ナメガタシショウボウダンタマツクリシダンダイヨンブンダンナカヤマショウボウダンキコツメショ,中山消防団機庫詰所,,茨城県行方市芹沢1627-4,,36.132206,140.438453,,,,行方市,一般の方への開放施設ではありません,,,,関係者以外利用禁止,,,
総務課,82333,64,茨城県,行方市,行方市消防団玉造支団第四分団若海消防団機庫詰所,ナメガタシショウボウダンタマツクリシダンダイヨンブンダンワカウミショウボウダンキコツメショ,若海消防団機庫詰所,,茨城県行方市若海454-2,,36.122043,140.424257,,,,行方市,一般の方への開放施設ではありません,,,,関係者以外利用禁止,,,
総務課,82333,65,茨城県,行方市,行方市消防団玉造支団第四分団谷島消防団機庫詰所,ナメガタシショウボウダンタマツクリシダンダイヨンブンダンヤジマショウボウダンキコツメショ,谷島消防団機庫詰所,,茨城県行方市谷島99,,36.109475,140.408957,,,,行方市,一般の方への開放施設ではありません,,,,関係者以外利用禁止,,,
総務課,82333,66,茨城県,行方市,行方市消防団玉造支団第五分団沖洲消防団機庫詰所,ナメガタシショウボウダンタマツクリシダンダイゴブンダンオキスショウボウダンキコツメショ,沖洲消防団機庫詰所,,茨城県行方市沖洲179-1,,36.147395,140.373321,,,,行方市,一般の方への開放施設ではありません,,,,関係者以外利用禁止,,,
総務課,82333,67,茨城県,行方市,行方市消防団玉造支団第五分団羽生消防団機庫詰所,ナメガタシショウボウダンタマツクリシダンダイゴブンダンハニュウショウボウダンキコツメショ,羽生消防団機庫詰所,,茨城県行方市羽生720-2,,36.143945,140.386784,,,,行方市,一般の方への開放施設ではありません,,,,関係者以外利用禁止,,,
総務課,82333,68,茨城県,行方市,行方市消防団玉造支団第五分団八木蒔消防団機庫詰所,ナメガタシショウボウダンタマツクリシダンダイゴブンダンヤキマキショウボウダンキコツメショ,八木蒔消防団機庫詰所,,茨城県行方市八木蒔172-14,,36.12816,140.392568,,,,行方市,一般の方への開放施設ではありません,,,,関係者以外利用禁止,,,
総務課,82333,69,茨城県,行方市,行方市消防団玉造支団第五分団浜消防団機庫詰所,ナメガタシショウボウダンタマツクリシダンダイゴブンダンハマショウボウダンキコツメショ,浜消防団機庫詰所,,茨城県行方市浜530,,36.107946,140.40107,,,,行方市,一般の方への開放施設ではありません,,,,関係者以外利用禁止,,,
財政課,82333,70,茨城県,行方市,行方市役所麻生庁舎,ナメガタシヤクショアソウチョウシャ,麻生庁舎,,茨城県行方市麻生1561-9,,35.990562,140.48896,0299-72-0811,,,行方市,"月火水木金土
",8:30,17:15,"・土曜日は各種証明書発行窓口のみ
・日曜日、祝日、年末年始（12月29日から1月３日まで）は休み
・戸籍の届出については、事前連絡があれば閉庁時間対応可",,優先駐車場有り;多目的トイレ有り;車椅子貸出有り;スロープ有り,https://www.city.namegata.ibaraki.jp/page/page000082.html,
財政課,82333,71,茨城県,行方市,行方市役所北浦庁舎,ナメガタシヤクショキタウラチョウシャ,北浦庁舎,,茨城県行方市山田2564-10,,36.084579,140.532586,0291-35-2111,,,行方市,月火水木金,8:30,17:15,"・土日、祝日、年末年始（12月29日から1月３日まで）は休み
・戸籍の届出については、事前連絡があれば閉庁時間対応可",,優先駐車場有り;多目的トイレ有り;車椅子貸出有り;スロープ有り,https://www.city.namegata.ibaraki.jp/page/page000082.html,
財政課,82333,72,茨城県,行方市,行方市役所玉造庁舎,ナメガタシヤクショタマツクリチョウシャ,玉造庁舎,,茨城県行方市玉造甲404,,36.104834,140.414984,0299-55-0111,,,行方市,月火水木金,8:30,17:15,"・土日、祝日、年末年始（12月29日から1月３日まで）は休み
・戸籍の届出については、事前連絡があれば閉庁時間対応可",,優先駐車場有り;多目的トイレ有り;車椅子貸出有り;スロープ有り,https://www.city.namegata.ibaraki.jp/page/page000082.html,
企画政策課,82333,73,茨城県,行方市,お試し住宅（手賀）,オタメシジュウタク（テガ）,お試し住宅（手賀）,,茨城県行方市手賀4259-2,,36.091554,140.449914,,,,行方市,日月火水木金土,,,"・１回につき、２日以上７日未満（年３回まで、かつ延べ日数15日まで）
・入居又は退去は９：00から16：00までの間",現在利用不可,階段無し,https://www.city.namegata.ibaraki.jp/page/page006158.html,
企画政策課,82333,74,茨城県,行方市,お試し住宅（成田）,オタメシジュウタク（ナリタ）,お試し住宅（成田）,,茨城県行方市成田893-1,,36.100615,140.518043,,,,行方市,日月火水木金土,,,"・１回につき、２日以上７日未満（年３回まで、かつ延べ日数15日まで）
・入居又は退去は９：00から16：00までの間",現在利用不可,階段無し,https://www.city.namegata.ibaraki.jp/page/page006158.html,
情報政策課,82333,75,茨城県,行方市,行方市情報交流センター,ナメガタシジョウホウコウリュウセンター,情報交流センター,,茨城県行方市麻生1570-1,,35.990518,140.489539,0299-72-0811,,,行方市,月火水木金,8:30,17:15,・土日、祝日、年末年始（12月29日から1月３日まで）は休み,,優先駐車場有り;多目的トイレ有り;スロープ有り;段差無し;階段無し;手すり有り,https://www.city.namegata.ibaraki.jp/map.php?type=0&category=4,
社会福祉課,82333,76,茨城県,行方市,行方市障害者地域活動支援センター　ドリームハウス,ナメガタシショウガイシャチイキカツドウシエンセンター　ドリームハウス,ドリームハウス,,茨城県行方市麻生2744-23,,35.999595,140.496137,0299-77-8818 ,,,行方市,月火水木金,9:30,15:00,・土日、祝日、年末年始（12月29日から1月３日まで）は休み,"・障害者地域活動支援センター
・就労継続支援Ｂ型",優先駐車場有り;多目的トイレ有り;スロープ有り;階段無し,https://www.city.namegata.ibaraki.jp/page/page000086.html,
社会福祉課,82333,77,茨城県,行方市,行方市高齢者センター　羽黒山荘,ナメガタシコウレイシャセンター　ハグロサンソウ,羽黒山荘,,茨城県行方市麻生989-1,,35.989859,140.480385,,,,行方市,日月火水木金土,8:30,17:00,・年末年始（12月28日から1月4日まで）は休み,,,https://www.city.namegata.ibaraki.jp/page/page000086.html,
こども福祉課,82333,78,茨城県,行方市,行方市北浦こども館,ナメガタシキタウラコドモカン,北浦こども館,,茨城県行方市内宿358-2,,36.090823,140.508193,,,,行方市,月火水木金土,14:30,18:30,・土曜日、長期休暇中（夏・冬・春休み）は7：30から利用可能,北浦地区放課後児童クラブ事務所,優先駐車場有り;段差無し;階段無し,,
介護福祉課,82333,79,茨城県,行方市,行方市地域包括支援センター,ナメガタシチイキホウカツシエンセンター,包括支援センター,,茨城県行方市玉造甲478-1,,36.102819,140.414704,0299-55-0114,,,行方市,月火水木金,8:30,17:15,・土日、祝日、年末年始（12月29日から1月３日まで）は休み,"・地域包括支援センター事務所
・行方市社会福祉協議会事務所",優先駐車場有り;多目的トイレ有り;車椅子貸出有り;スロープ有り;段差無し;階段無し;手すり有り,https://www.city.namegata.ibaraki.jp/page/page000085.html,
健康増進課,82333,80,茨城県,行方市,行方市保健センター,ナメガタシホケンセンター,保健センター,,茨城県行方市山田3282-10,,36.083325,140.510769,0291-34-6200,,,行方市,月火水木金,8:30,17:15,・土日、祝日、年末年始（12月29日から1月３日まで）は休み,健康増進課事務所,優先駐車場有り;多目的トイレ有り;車椅子貸出有り;スロープ有り;段差無し;階段無し;手すり有り,https://www.city.namegata.ibaraki.jp/page/page000085.html,
都市建設課,82333,81,茨城県,行方市,行方市市営住宅みなみ原団地,ナメガタシシエイジュウタクミナミハラダンチ,みなみ原団地,,茨城県行方市青沼841-14 ,,36.020903,140.499056,,,,行方市,一般の方への開放施設ではありません,,,,・3LDK×51戸,,https://www.city.namegata.ibaraki.jp/page/page007840.html,
都市建設課,82333,82,茨城県,行方市,行方市市営住宅諸井団地,ナメガタシシエイジュウタクモロイダンチ,諸井団地,,茨城県行方市玉造甲4175,,36.106475,140.420234,,,,行方市,一般の方への開放施設ではありません,,,,・3LDK×30戸,,https://www.city.namegata.ibaraki.jp/page/page007840.html,
都市建設課,82333,83,茨城県,行方市,行方市市営住宅新池住宅,ナメガタシシエイジュウタクニイケジュウタク,新池住宅,,茨城県行方市麻生3491-2と3,,35.992548,140.476228,,,,行方市,一般の方への開放施設ではありません,,,,・3DK×18戸,階段無し,https://www.city.namegata.ibaraki.jp/page/page007840.html,
都市建設課,82333,84,茨城県,行方市,行方市市営住宅霞住宅,ナメガタシシエイジュウタクカスミジュウタク,霞住宅,,茨城県行方市富田645-3,,35.986414,140.499005,,,,行方市,一般の方への開放施設ではありません,,,,"・市営住宅
・今後入居者の募集は行わない",階段無し,,
都市建設課,82333,85,茨城県,行方市,行方市市営住宅大宮団地,ナメガタシシエイジュウタクオオミヤダンチ,大宮団地,,茨城県行方市玉造乙748-1,,36.113789,140.424217,,,,行方市,一般の方への開放施設ではありません,,,,"・市営住宅
・今後入居者の募集は行わない",階段無し,,
都市建設課,82333,86,茨城県,行方市,北浦教職員住宅,キタウラキョウショクインジュウタク,北浦教職員住宅,,茨城県行方市山田3173-2,,36.092747,140.515377,,,,行方市,一般の方への開放施設ではありません,,,,"・教職員住宅
・今後入居者の募集は行わない",階段無し,,
都市建設課,82333,87,茨城県,行方市,玉造教職員住宅,タマツクリキョウショクインジュウタク,玉造教職員住宅,,茨城県行方市玉造甲4670,,36.113816,140.424542,,,,行方市,一般の方への開放施設ではありません,,,,"・教職員住宅
・今後入居者の募集は行わない",階段無し,,
道路維持課,82333,88,茨城県,行方市,白浜ウォーキングセンター,シラハマウォーキングセンター,ウォーキングセンター,,茨城県行方市白浜82,,36.024205,140.555363,0299-73-0005,,,行方市,日水木金　　　　　　　　　土,13:00,16:00,・土日、祝日は9:00から利用可能　　　　　　・8月は毎日9:00から利用可能,,優先駐車場有り;スロープ有り;階段無し,https://www.city.namegata.ibaraki.jp/page/page000084.html,
道路維持課,82333,89,茨城県,行方市,行方市高須崎交流センター,ナメガタシタカスザキコウリュウセンター,高須崎交流センター,,茨城県行方市玉造甲1979-1,,36.094479,140.404676,0299-55-3927,,,行方市,日火水木金土,9:00,22:00,・要申請、利用時間確認　　　　　　　　　　　　　　　　　　　　　　　　　　　　・1室1回530円,,スロープ有り;階段無し,https://www.city.namegata.ibaraki.jp/map.php?type=0&category=7,
道路維持課,82333,90,茨城県,行方市,高須崎休憩施設,タカスザキキュウケイシセツ,高須崎休憩施設,,茨城県行方市玉造甲1969-3,,36.094964,140.403085,0299-55-3927,,,行方市,日月火水木金土,,,・事前予約制,現在利用不可,階段無し,https://www.city.namegata.ibaraki.jp/page/page000124.html,
道路維持課,82333,91,茨城県,行方市,羽黒山公園,ハグロヤマコウエン,羽黒山公園,,茨城県行方市麻生地内,,35.990602,140.479517,,,,行方市,日月火水木金土,,,,,,https://www.city.namegata.ibaraki.jp/page/page001417.html,
道路維持課,82333,92,茨城県,行方市,緑ケ丘児童公園,ミドリガオカジドウコウエン,緑ケ丘児童公園,,茨城県行方市玉造甲6517-2,,36.125663,140.442116,,,,行方市,日月火水木金土,,,,,,https://www.city.namegata.ibaraki.jp/page/page000569.html,
道路維持課,82333,93,茨城県,行方市,手賀中央児童公園,テガチュウオウジドウコウエン,手賀中央児童公園,,茨城県行方市手賀2609,,36.084409,140.424233,,,,行方市,日月火水木金土,,,,,,https://www.city.namegata.ibaraki.jp/page/page000569.html,
道路維持課,82333,94,茨城県,行方市,浜児童公園,ハマジドウコウエン,浜児童公園,,茨城県行方市浜502,,36.108087,140.401297,,,,行方市,日月火水木金土,,,,,,https://www.city.namegata.ibaraki.jp/page/page000569.html,
道路維持課,82333,95,茨城県,行方市,中山児童公園,ナカヤマジドウコウエン,中山児童公園,,茨城県行方市芹沢1591-5,,36.134213,140.441449,,,,行方市,日月火水木金土,,,,,,https://www.city.namegata.ibaraki.jp/page/page000569.html,
道路維持課,82333,96,茨城県,行方市,荒宿児童公園,アラジュクジドウコウエン,荒宿児童公園,,茨城県行方市荒宿162-1,,36.052359,140.440323,,,,行方市,日月火水木金土,,,,,,https://www.city.namegata.ibaraki.jp/page/page000569.html,
道路維持課,82333,97,茨城県,行方市,羽生児童公園,ハニュウジドウコウエン,羽生児童公園,,茨城県行方市沖洲14,,36.143652,140.376356,,,,行方市,日月火水木金土,,,,,,https://www.city.namegata.ibaraki.jp/page/page000569.html,
道路維持課,82333,98,茨城県,行方市,藤井児童公園,フジイジドウコウエン,藤井児童公園,,茨城県行方市藤井739-1,,36.0616,140.456123,,,,行方市,日月火水木金土,,,,,,https://www.city.namegata.ibaraki.jp/page/page000569.html,
道路維持課,82333,99,茨城県,行方市,谷島児童公園,ヤジマジドウコウエン,谷島児童公園,,茨城県行方市谷島270-3,,36.113292,140.409286,,,,行方市,日月火水木金土,,,,,,https://www.city.namegata.ibaraki.jp/page/page000569.html,
道路維持課,82333,100,茨城県,行方市,玉造中央児童公園,タマツクリチュウオウジドウコウエン,玉造中央児童公園,,茨城県行方市玉造甲310,,36.106258,140.412617,,,,行方市,日月火水木金土,,,,,,https://www.city.namegata.ibaraki.jp/page/page000569.html,
道路維持課,82333,101,茨城県,行方市,行方市天王崎公園,ナメガタシテンノウザキコウエン,天王崎公園,,茨城県行方市麻生字天王崎，西浜　地先,,35.99033,140.473413,,,,行方市,日月火水木金土,,,,風の塔タワーは現在使用不可,,https://www.city.namegata.ibaraki.jp/page/page000123.html,
道路維持課,82333,102,茨城県,行方市,行方市養神台公園,ナメガタシヨウジンダイコウエン,養神台公園,,茨城県行方市富田1646-1ほか,,35.975845,140.501327,,,,行方市,日月火水木金土,,,,,,https://www.city.namegata.ibaraki.jp/page/page000569.html,
道路維持課,82333,103,茨城県,行方市,手賀ふれあいの森,テガフレアイノモリ,手賀ふれあいの森,,茨城県行方市手賀字小座山地内,,36.091891,140.448011,,,,行方市,日月火水木金土,,,,,,https://www.city.namegata.ibaraki.jp/page/page000959.html,
道路維持課,82333,104,茨城県,行方市,行方市高須崎公園,ナメガタシタカスザキコウエン,高須崎公園,,茨城県行方市玉造甲1969-3,,36.09413,140.404071,0299-55-3927,,,行方市,日月火水木金土,,,,,,https://www.city.namegata.ibaraki.jp/page/page000124.html,
道路維持課,82333,105,茨城県,行方市,行方市高須崎公園体験農場,ナメガタシタカスザキコウエンタイケンノウジョウ,高須崎公園体験農場,,茨城県行方市玉造甲1991-2,,36.093246,140.406008,0299-55-3927,,,行方市,日月火水木金土,,,"・要申請、利用期間確認　　　　　　　　　　　　　　・1年1区画8,000円",,,https://www.city.namegata.ibaraki.jp/page/page000124.html,
下水道課,82333,106,茨城県,行方市,玉造浄化センター,タマツクリジョウカセンター,玉造浄化センター,,茨城県行方市玉造甲1220,,36.098768,140.404687,0299-55-3318,,,行方市,一般の方への開放施設ではありません,,,,,,,
下水道課,82333,107,茨城県,行方市,榎本地区浄化センター,エノキモトチクジョウカセンター,榎本地区浄化センター,,茨城県行方市若海840-32,,36.126397,140.439409,,,,行方市,一般の方への開放施設ではありません,,,,,,,
下水道課,82333,108,茨城県,行方市,玉造北部地区浄化センター,タマツクリホクブチクジョウカセンター,玉造北部地区浄化センター,,茨城県行方市捻木184-15,,36.124138,140.413696,,,,行方市,一般の方への開放施設ではありません,,,,,,,
農林水産課,82333,109,茨城県,行方市,行方市農業振興センター,ナメガタシノウギョウシンコウセンター,農業振興センター,,茨城県行方市山田3282-10,,36.082976,140.511101,0291-35-3114,,,行方市,月火水木金,8:30,17:15,・土日、祝日、年末年始（12月29日から1月３日まで）は休み,農業振興センター事務所,階段無し,https://www.city.namegata.ibaraki.jp/page/page000089.html,
農林水産課,82333,110,茨城県,行方市,行方市榎本地区農民研修センター,ナメガタシエノキモトチクノウミンケンシュウセンター,榎本農民研修センター,,茨城県行方市玉造甲6517-2,,36.125637,140.442191,,,,行方市,日月火水木金土,8:00,22:00,,,階段無し,https://www.city.namegata.ibaraki.jp/page/page000089.html,
商工観光課,82333,111,茨城県,行方市,行方市あそう温泉　白帆の湯,ナメガタシアソウオンセンシラホノユ,白帆の湯,,茨城県行方市麻生421-3,,35.987193,140.475038,0299-80-6622,,,行方市,日月火木金土,10:00,21:00,"・水曜日が祝日の場合は、その翌日が休館
・年末年始は休館日有り
・最終受付は20:00",,優先駐車場有り;スロープ有り;エレベーター有り,https://shirahonoyu.com/,
商工観光課,82333,112,茨城県,行方市,行方市天王崎観光交流センター,ナメガタシテンノウザキカンコウコウリュウセンター,コテラス,,茨城県行方市麻生419-1,,35.987058,140.475191,0299-80-6622,,,行方市,日月火木金土,10:00,22:00,"・水曜日が祝日の場合は、その翌日が休館
・年末年始は休館日有り
・最終受付は20:00",,優先駐車場有り;スロープ有り;エレベーター有り,https://www.city.namegata.ibaraki.jp/map.php?type=1,
商工観光課,82333,113,茨城県,行方市,行方市北浦荘,ナメガタシキタウラソウ,北浦荘,,茨城県行方市山田121,,36.085378,140.537306,0291-35-2821,,,行方市,日火水木金土,10:00,21:00,"・月曜日が祝日の場合は、その翌日が休館
・年末年始は休館日有り
・最終受付は20:00",,優先駐車場有り;階段無し,https://www.city.namegata.ibaraki.jp/page/page007929.html,
商工観光課,82333,114,茨城県,行方市,霞ヶ浦ふれあいランド,カスミガウラフレアイランド,ふれあいランド,,茨城県行方市玉造甲1234,,36.096506,140.403007,0299-55-3927,,,行方市,日火水木金土,9:30,16:30,"・月曜日が祝日の場合は、その翌日が休館
・年末年始は休館日有り",水の科学館は休館中,優先駐車場有り;多目的トイレ有り,https://www.city.namegata.ibaraki.jp/page/page000682.html,
商工観光課,82333,115,茨城県,行方市,行方市観光物産館　こいこい,ナメガタシカンコウブッサンカン　コイコイ,コイコイ,,茨城県行方市玉造甲1963-5,,36.095429,140.402586,0299-36-2781,,,行方市,日月火水木金土,9:00,18:00,・年末年始は休館日有り,,優先駐車場有り;スロープ有り;階段無し,http://www.namegata-koikoi.com/,
環境課,82333,116,茨城県,行方市,行方市環境美化センター,ナメガタシカンキョウビカセンター,環境美化センター,,茨城県行方市麻生3268-14,,36.008399,140.493105,0299-72-2413,,,行方市,月火水木金土,8:30,16:30,"・土曜日は11：30まで
・11：30から13：00まではごみの受け入れ不可",,,https://www.city.namegata.ibaraki.jp/page/page000893.html,
環境課,82333,117,茨城県,行方市,行方市麻生衛生センター,ナメガタシアソウエイセイセンター,麻生衛生センター,,茨城県行方市板峰77,,36.040331,140.520657,0299-73-0204,,,行方市,月火水木金,8:30,17:00,・土日、祝日、年末年始（12月29日から1月３日まで）は休み,,,https://www.city.namegata.ibaraki.jp/page/page000089.html,
環境課,82333,118,茨城県,行方市,行方市玉造有機肥料供給センター,ナメガタシタマツクリユウキヒリョウキョウキュウセンター,玉造有機肥料供給センター,,茨城県行方市玉造甲6497-3,,36.121267,140.435828,0299-36-2411,,,行方市,月火水木金,9:00,16:30,・土日、祝日、年末年始（12月29日から1月３日まで）は休み,,,https://www.city.namegata.ibaraki.jp/page/page000089.html,
学校教育課,82333,119,茨城県,行方市,行方市立麻生中学校,ナメガタシリツアソウチュウガッコウ,麻生中,,茨城県行方市南327-3,,36.023403,140.477014,0299-80-8070,,,行方市,月火水木金,,,"・年末年始（12月28日から１月4日まで）を除き体育館、グラウンドを貸出
・利用可能時間は18：00から22：00まで
・市教育委員会に登録した10人以上の団体で、スポーツ安全協会傷害保険に加入している団体のみ使用可能",,優先駐車場有り,http://www.sopia.or.jp/n-asojh/,
学校教育課,82333,120,茨城県,行方市,行方市立北浦中学校,ナメガタシリツキタウラチュウガッコウ,北浦中,,茨城県行方市内宿390,,36.088625,140.504928,0291-35-2161,,,行方市,月火水木金,,,"・年末年始（12月28日から１月4日まで）を除き体育館、グラウンドを貸出
・利用可能時間は18：00から22：00まで
・市教育委員会に登録した10人以上の団体で、スポーツ安全協会傷害保険に加入している団体のみ使用可能",,優先駐車場有り,http://www2.sopia.or.jp/kitajh/,
学校教育課,82333,121,茨城県,行方市,行方市立玉造中学校,ナメガタシリツタマツクリチュウガッコウ,玉造中,,茨城県行方市玉造甲2807,,36.103103,140.425359,0299-55-0131,,,行方市,月火水木金,,,"・年末年始（12月28日から１月4日まで）を除き体育館、グラウンドを貸出
・利用可能時間は18：00から22：00まで
・市教育委員会に登録した10人以上の団体で、スポーツ安全協会傷害保険に加入している団体のみ使用可能",,優先駐車場有り,http://www.sopia.or.jp/tamatukurijh/,
学校教育課,82333,122,茨城県,行方市,行方市立麻生小学校,ナメガタシリツアソウショウガッコウ,麻生小,,茨城県行方市麻生1147-1,,35.988909,140.485123,0299-72-0049,,,行方市,月火水木金,,,"・年末年始（12月28日から１月4日まで）を除き体育館、グラウンドを貸出
・利用可能時間は18：00から22：00まで
・市教育委員会に登録した10人以上の団体で、スポーツ安全協会傷害保険に加入している団体のみ使用可能",,優先駐車場有り,http://www2.sopia.or.jp/asoel/,
学校教育課,82333,123,茨城県,行方市,行方市立麻生東小学校,ナメガタシリツアソウヒガシショウガッコウ,麻生東小,,茨城県行方市蔵川549,,36.033824,140.528707,0299-80-7701,,,行方市,月火水木金,,,"・年末年始（12月28日から１月4日まで）を除き体育館、グラウンドを貸出
・利用可能時間は18：00から22：00まで（土日は9：00から22：00まで）
・市教育委員会に登録した10人以上の団体で、スポーツ安全協会傷害保険に加入している団体のみ使用可能",,優先駐車場有り,http://sopia.or.jp/asohigashiel/,
学校教育課,82333,124,茨城県,行方市,行方市立北浦小学校,ナメガタシリツキタウラショウガッコウ,北浦小,,茨城県行方市内宿358-2,,36.090663,140.508942,0299-37-6636,,,行方市,月火水木金,,,"・年末年始（12月28日から１月4日まで）を除き体育館、グラウンドを貸出
・利用可能時間は18：00から22：00まで（土日は9：00から22：00まで）
・市教育委員会に登録した10人以上の団体で、スポーツ安全協会傷害保険に加入している団体のみ使用可能",,優先駐車場有り,http://www2.sopia.or.jp/kitaurael/,
学校教育課,82333,125,茨城県,行方市,行方市立玉造小学校,ナメガタシリツタマツクリショウガッコウ,玉造小,,茨城県行方市玉造甲3200,,36.101004,140.436282,0299-56-4040,,,行方市,月火水木金,,,"・年末年始（12月28日から１月4日まで）を除き体育館、グラウンドを貸出
・利用可能時間は18：00から22：00まで（土日は9：00から22：00まで）
・市教育委員会に登録した10人以上の団体で、スポーツ安全協会傷害保険に加入している団体のみ使用可能",,優先駐車場有り,http://www2.sopia.or.jp/tamatukuriel/,
学校教育課,82333,126,茨城県,行方市,行方市立麻生幼稚園,ナメガタシリツアソウヨウチエン,麻生幼稚園,,茨城県行方市麻生1147-1,,35.989415,140.485719,0299-72-0530,,,行方市,月火水木金,,,,,優先駐車場有り;階段無し,https://www.city.namegata.ibaraki.jp/page/page000071.html,
学校教育課,82333,127,茨城県,行方市,行方市立北浦幼稚園,ナメガタシリツキタウラヨウチエン,北浦幼稚園,,茨城県行方市繁昌212,,36.069114,140.523874,0291-35-2038,,,行方市,月火水木金,,,"・年末年始（12月28日から１月4日まで）を除き体育館を貸出
・利用可能時間は18：00から22：00まで（土日は9：00から22：00まで）
・市教育委員会に登録した10人以上の団体で、スポーツ安全協会傷害保険に加入している団体のみ使用可能",,優先駐車場有り;階段無し,https://www.city.namegata.ibaraki.jp/page/page000071.html,
学校教育課,82333,128,茨城県,行方市,行方市立玉造幼稚園,ナメガタシリツタマツクリヨウチエン,玉造幼稚園,,茨城県行方市玉造甲4175,,36.105919,140.420006,0299-55-0281,,,行方市,月火水木金,,,,,優先駐車場有り;階段無し,https://www.city.namegata.ibaraki.jp/page/page000071.html,
学校教育課,82333,129,茨城県,行方市,行方市立麻生学校給食センター,ナメガタシリツアソウガッコウキュウショクセンター,麻生給食センター,,茨城県行方市島並1285,,36.008314,140.472248,0299-72-0766,,,行方市,月火水木金,8:00,16:45,,,,https://www.city.namegata.ibaraki.jp/page/page000083.html,
学校教育課,82333,130,茨城県,行方市,行方市立北浦学校給食センター,ナメガタシリツキタウラガッコウキュウショクセンター,北浦給食センター,,茨城県行方市内宿738-1,,36.087989,140.503668,0291-35-2581,,,行方市,月火水木金,8:00,16:45,,,,https://www.city.namegata.ibaraki.jp/page/page000083.html,
生涯学習課,82333,131,茨城県,行方市,行方市麻生公民館,ナメガタシアソウコウミンカン,麻生公民館,,茨城県行方市麻生1221,,35.987773,140.487964,0299-72-1573,,,行方市,日火水木金土,9:00,22:00,"・月曜日が祝日の場合は開館
・年末年始（12月29日から1月3日まで）は休館",,優先駐車場有り;多目的トイレ有り;エレベーター有り,https://www.city.namegata.ibaraki.jp/page/page000422.html,
生涯学習課,82333,132,茨城県,行方市,行方市北浦公民館,ナメガタシキタウラコウミンカン,北浦公民館,,茨城県行方市山田2175,,36.083757,140.533364,0291-35-3777,,,行方市,日火水木金土,9:00,22:00,"・月曜日が祝日の場合は開館
・年末年始（12月29日から1月3日まで）は休館",,優先駐車場有り;多目的トイレ有り,https://www.city.namegata.ibaraki.jp/page/page000422.html,
生涯学習課,82333,133,茨城県,行方市,行方市玉造公民館,ナメガタシタマツクリコウミンカン,玉造公民館,,茨城県行方市玉造乙1179,,36.108403,140.414566,0291-35-3777,,,行方市,日火水木金土,9:00,22:00,"・月曜日が祝日の場合は開館
・年末年始（12月29日から1月3日まで）は休館",,優先駐車場有り;多目的トイレ有り;スロープ有り,https://www.city.namegata.ibaraki.jp/page/page000422.html,
生涯学習課,82333,134,茨城県,行方市,行方市太田地区館,ナメガタシオオタチクカン,太田地区館,,茨城県行方市矢幡742,,36.013366,140.532166,,,,行方市,日火水木金土,9:00,22:00,"・月曜日が祝日の場合は開館
・年末年始（12月29日から1月3日まで）は休館",,スロープ有り;階段無し,https://www.city.namegata.ibaraki.jp/page/page000424.html,
生涯学習課,82333,135,茨城県,行方市,行方市大和地区館,ナメガタシヤマトチクカン,大和地区館,,茨城県行方市蔵川438-2,,36.03427,140.530158,,,,行方市,日火水木金土,9:00,22:00,"・月曜日が祝日の場合は開館
・年末年始（12月29日から1月3日まで）は休館",,スロープ有り;階段無し,https://www.city.namegata.ibaraki.jp/page/page000424.html,
生涯学習課,82333,136,茨城県,行方市,行方市小高地区館,ナメガタシオダカチクカン,小高地区館,,茨城県行方市小高925,,36.032742,140.471263,,,,行方市,日火水木金土,9:00,22:00,"・月曜日が祝日の場合は開館
・年末年始（12月29日から1月3日まで）は休館",,スロープ有り;階段無し,https://www.city.namegata.ibaraki.jp/page/page000424.html,
生涯学習課,82333,137,茨城県,行方市,行方市要地区館,ナメガタシカナメチクカン,要地区館,,茨城県行方市小幡711-1,,36.077776,140.480959,,,,行方市,日火水木金土,9:00,22:00,"・月曜日が祝日の場合は開館
・年末年始（12月29日から1月3日まで）は休館",,スロープ有り;階段無し,https://www.city.namegata.ibaraki.jp/page/page000424.html,
生涯学習課,82333,138,茨城県,行方市,行方市武田地区館,ナメガタシタケダチクカン,武田地区館,,茨城県行方市両宿120-3,,36.098288,140.496553,,,,行方市,日火水木金土,9:00,22:00,"・月曜日が祝日の場合は開館
・年末年始（12月29日から1月3日まで）は休館",,スロープ有り;階段無し,https://www.city.namegata.ibaraki.jp/page/page000424.html,
生涯学習課,82333,139,茨城県,行方市,行方市西浦地区学習センター,ナメガタシニシウラチクガクシュウセンター,西浦学習センター,,茨城県行方市行方541,,36.043879,140.454782,0299-77-1322,,,行方市,日火水木金土,9:00,22:00,"・月曜日が祝日の場合は開館
・年末年始（12月29日から1月3日まで）は休館",,多目的トイレ有り;スロープ有り,https://www.city.namegata.ibaraki.jp/page/page000424.html,
生涯学習課,82333,140,茨城県,行方市,行方市繁昌地区学習センター,ナメガタシハンジョウチクガクシュウセンター,繁昌学習センター,,茨城県行方市繁昌1180-1,,36.061415,140.519387,,,,行方市,日火水木金土,9:00,22:00,"・月曜日が祝日の場合は開館
・年末年始（12月29日から1月3日まで）は休館",,スロープ有り;階段無し,https://www.city.namegata.ibaraki.jp/page/page000424.html,
生涯学習課,82333,141,茨城県,行方市,行方市小貫地区学習センター,ナメガタシオヌキチクガクシュウセンター,小貫学習センター,,茨城県行方市小貫1359-3,,36.110731,140.469227,,,,行方市,日火水木金土,9:00,22:00,"・月曜日が祝日の場合は開館
・年末年始（12月29日から1月3日まで）は休館",,スロープ有り;階段無し,https://www.city.namegata.ibaraki.jp/page/page000424.html,
生涯学習課,82333,142,茨城県,行方市,行方市玉川地区学習センター,ナメガタシタマカワチクガクシュウセンター,玉川学習センター,,茨城県行方市井上1580,,36.061275,140.43785,,,,行方市,日火水木金土,9:00,22:00,"・月曜日が祝日の場合は開館
・年末年始（12月29日から1月3日まで）は休館",,スロープ有り;階段無し,https://www.city.namegata.ibaraki.jp/page/page000424.html,
生涯学習課,82333,143,茨城県,行方市,行方市手賀地区学習センター,ナメガタシテガチクガクシュウセンター,手賀学習センター,,茨城県行方市手賀2609,,36.084703,140.42431,,,,行方市,日火水木金土,9:00,22:00,"・月曜日が祝日の場合は開館
・年末年始（12月29日から1月3日まで）は休館",,スロープ有り;階段無し,https://www.city.namegata.ibaraki.jp/page/page000424.html,
生涯学習課,82333,144,茨城県,行方市,行方市現原地区学習センター,ナメガタシアラハラチクガクシュウセンター,現原学習センター,,茨城県行方市捻木347-3,,36.133806,140.419036,,,,行方市,日火水木金土,9:00,22:00,"・月曜日が祝日の場合は開館
・年末年始（12月29日から1月3日まで）は休館",,スロープ有り;階段無し,https://www.city.namegata.ibaraki.jp/page/page000424.html,
生涯学習課,82333,145,茨城県,行方市,行方市玉造西地区学習センター,ナメガタシタマツクリニシチクガクシュウセンター,玉造西学習センター,,茨城県行方市浜502,,36.108252,140.401258,,,,行方市,日火水木金土,9:00,22:00,"・月曜日が祝日の場合は開館
・年末年始（12月29日から1月3日まで）は休館",,スロープ有り;階段無し,https://www.city.namegata.ibaraki.jp/page/page000424.html,
生涯学習課,82333,146,茨城県,行方市,行方市八木蒔地区学習センター,ナメガタシヤキマキチクガクシュウセンター,八木蒔学習センター,,茨城県行方市八木蒔328-2,,36.131133,140.390211,,,,行方市,日火水木金土,9:00,22:00,"・月曜日が祝日の場合は開館
・年末年始（12月29日から1月3日まで）は休館",,スロープ有り;階段無し,https://www.city.namegata.ibaraki.jp/page/page000424.html,
生涯学習課,82333,147,茨城県,行方市,行方市羽生地区学習センター,ナメガタシハニュウチクガクシュウセンター,羽生学習センター,,茨城県行方市羽生753,,36.142396,140.38453,,,,行方市,日火水木金土,9:00,22:00,"・月曜日が祝日の場合は開館
・年末年始（12月29日から1月3日まで）は休館",,スロープ有り;階段無し,https://www.city.namegata.ibaraki.jp/page/page000424.html,
生涯学習課,82333,148,茨城県,行方市,行方市立図書館,ナメガタシリツトショカン,図書館,,茨城県行方市玉造乙1175,,36.108174,140.414282,0299-55-1495,,,行方市,日火水木金土,9:30,18:30,"・月曜日が祝日の場合は開館
・土日、祝日は午後5時までの開館
・年末年始（12月29日から1月3日まで）は休館
・毎月最終金曜日は図書整理日のため休館
・蔵書点検による休館あり（6月に2週間程度）",,階段無し,https://www.city.namegata.ibaraki.jp/page/page002449.html,
生涯学習課,82333,149,茨城県,行方市,行方市文化会館,ナメガタシブンカカイカン,文化会館,,茨城県行方市山田2175,,36.083704,140.532674,0291-35-2908,,,行方市,日火水木金土,9:00,22:00,・年末年始（12月29日から1月3日まで）は休館,ホール・リハーサル室・楽屋・控室,優先駐車場有り;多目的トイレ有り;スロープ有り,https://www.city.namegata.ibaraki.jp/page/page000421.html,
生涯学習課,82333,150,茨城県,行方市,行方市立麻生藩家老屋敷記念館,ナメガタシリツアソウハンカロウヤシキキネンカン,麻生藩家老屋敷記念館,,茨城県行方市麻生1153-1,,35.98828,140.486747,0299-72-1971,,,行方市,木金土日,9:00,16:00,"・祝日は開館
・年末年始（12月29日から1月3日まで）は休館",主屋・表門が県指定有形文化財,階段無し,https://www.city.namegata.ibaraki.jp/page/page001414.html,
生涯学習課,82333,151,茨城県,行方市,行方市麻生運動場,ナメガタシアソウウンドウジョウ,麻生運動場,,茨城県行方市南269-1,,36.023229,140.475323,0299-77-0791,,,行方市,日火水木金土,8:30,22:00,・年末年始（12月29日から1月3日まで）は休館,体育館・弓道場,多目的トイレ有り;スロープ有り（体育館）,https://www.city.namegata.ibaraki.jp/page/page000127.html,
生涯学習課,82333,152,茨城県,行方市,行方市麻生運動場　多目的グラウンド,ナメガタシアソウウンドウジョウ　タモクテキグラウンド,麻生多目的グラウンド,,茨城県行方市島並1257-4,,36.008928,140.473255,0299-72-3955,,,行方市,日火水木金土,8:30,22:00,・年末年始（12月29日から1月3日まで）は休館,,多目的トイレ有り,https://www.city.namegata.ibaraki.jp/page/page000127.html,
生涯学習課,82333,153,茨城県,行方市,行方市北浦運動場,ナメガタシキタウラウンドウジョウ,北浦運動場,,茨城県行方市山田2175,,36.082494,140.532475,0291-35-2120,,,行方市,日火水木金土,8:30,22:00,・年末年始（12月29日から1月3日まで）は休館,"体育館・
第1グラウンド・テニスコート・クロッケーコート・
ゆうゆう広場","多目的トイレ有り;スロープ有り（体育館）
多目的トイレ有り（第1グラウンド）",https://www.city.namegata.ibaraki.jp/page/page000132.html,
生涯学習課,82333,154,茨城県,行方市,行方市北浦運動場　第2グラウンド,ナメガタシキタウラウンドウジョウ　ダイ２グラウンド,北浦第２グラウンド,,茨城県行方市山田3064,,36.084861,140.519064,,,,行方市,日火水木金土,8:30,22:00,・年末年始（12月29日から1月3日まで）は休館,,,https://www.city.namegata.ibaraki.jp/page/page000132.html,
生涯学習課,82333,155,茨城県,行方市,行方市北浦運動場　柔剣道場,ナメガタシキタウラウンドウジョウ　ジュウケンドウジョウ,柔剣道場,,茨城県行方市山田3662-23,,36.087562,140.504553,,,,行方市,日火水木金土,8:30,22:00,・年末年始（12月29日から1月3日まで）は休館,,階段無し,https://www.city.namegata.ibaraki.jp/page/page000132.html,
生涯学習課,82333,156,茨城県,行方市,行方市玉造B＆G海洋センター・行方市玉造運動場,ナメガタシタマツクリB&Gカイヨウセンター・ナメガタシタマツクリウンドウジョウ,玉造運動場,,茨城県行方市玉造甲3190,,36.100305,140.434567,0299-55-3211,,,行方市,日火水木金土,8:30,22:00,・年末年始（12月29日から1月3日まで）は休館,体育館・プール・テニスコート・柔剣道場,,https://www.city.namegata.ibaraki.jp/page/page000128.html,
生涯学習課,82333,157,茨城県,行方市,行方市玉造B＆G海洋センター　艇庫,ナメガタシタマツクリB&Gカイヨウセンター　テイコ,海洋センター艇庫,,茨城県行方市沖洲14,,36.143173,140.376025,,,,行方市,日火水木金土,8:30,17:15,・年末年始（12月29日から1月3日まで）は休館,,階段無し,https://www.city.namegata.ibaraki.jp/page/page000128.html,
生涯学習課,82333,158,茨城県,行方市,行方市玉造運動場　浜野球場,ナメガタシタマツクリウンドウジョウ　ハマヤキュウジョウ,浜野球場,,茨城県行方市浜2454,,36.123012,140.401984,,,,行方市,日火水木金土,8:30,22:00,・年末年始（12月29日から1月3日まで）は休館,,,https://www.city.namegata.ibaraki.jp/page/page000128.html,
生涯学習課,82333,159,茨城県,行方市,行方市玉造運動場　泉野球場,ナメガタシタマツクリウンドウジョウ　イズミヤキュウジョウ,泉野球場,,茨城県行方市玉造甲3251-1,,36.103131,140.439711,,,,行方市,日火水木金土,8:30,22:00,・年末年始（12月29日から1月3日まで）は休館,,,https://www.city.namegata.ibaraki.jp/page/page000128.html,
生涯学習課,82333,160,茨城県,行方市,行方市玉造運動場　弓道場,ナメガタシタマツクリウンドウジョウ　キュウドウジョウ,玉造弓道場,,茨城県行方市玉造乙1184,,36.108034,140.414288,,,,行方市,日火水木金土,8:30,22:00,・年末年始（12月29日から1月3日まで）は休館,,階段無し,https://www.city.namegata.ibaraki.jp/page/page000128.html,
生涯学習課,82333,161,茨城県,行方市,行方市玉造艇庫,ナメガタシタマツクリテイコ,玉造艇庫,,茨城県行方市玉造甲1962-5,,36.095624,140.40226,,,,行方市,日火水木金土,8:30,17:15,・年末年始（12月29日から1月3日まで）は休館,,階段無し,https://www.city.namegata.ibaraki.jp/page/page000128.html,
生涯学習課,82333,162,茨城県,行方市,行方市玉造農村環境改善センター,ナメガタシタマツクリノウソンカンキョウカイゼンセンター,農村環境改善センター,,茨城県行方市玉造甲3180,,36.100054,140.434471,,,,行方市,日火水木金土,8:30,22:00,・年末年始（12月29日から1月3日まで）は休館,玉造地区放課後児童クラブ事務所として一部使用,階段無し,https://www.city.namegata.ibaraki.jp/map.php?type=0&category=3,
生涯学習課,82333,163,茨城県,行方市,行方市三昧塚古墳農村公園,ナメガタシサンマイヅカコフンノウソンコウエン,三昧塚古墳農村公園,,茨城県行方市沖洲467-1ほか,,36.154671,140.366062,,,,行方市,日月火水木金土,,,,,,https://www.city.namegata.ibaraki.jp/page/page001406.html,
水道課,82333,164,茨城県,行方市,行方市繁昌配水場,ナメガタシハンジョウハイスイジョウ,繁昌配水場,,茨城県行方市繁昌1018-12,,36.061597,140.514451,,,,行方市,一般の方への開放施設ではありません,,,,関係者以外利用禁止,,,
水道課,82333,165,茨城県,行方市,行方市次木配水場,ナメガタシナミキハイスイジョウ,次木配水場,,茨城県行方市次木390-15,,36.093562,140.479457,0291-34-6780,,,行方市,一般の方への開放施設ではありません,,,,関係者以外利用禁止,,,
水道課,82333,166,茨城県,行方市,行方市泉配水場,ナメガタシイズミハイスイジョウ,泉配水場,,茨城県行方市玉造甲3452-1,,36.106417,140.444178,0299-55-1108,,,行方市,月火水木金,8:30,17:15,・土日、祝日、年末年始（12月29日から1月３日まで）は休み,水道課事務所,優先駐車場有り;スロープ有り;階段無し,https://www.city.namegata.ibaraki.jp/map.php?type=0&category=14,
水道課,82333,167,茨城県,行方市,行方市新原浄水場,ナメガタシシンパラジョウスイジョウ,新原浄水場,,茨城県行方市小高1629-32,,36.021205,140.498664,,,,行方市,一般の方への開放施設ではありません,,,,関係者以外利用禁止,,,
水道課,82333,168,茨城県,行方市,行方市蔵川浄水場,ナメガタシクラカワジョウスイジョウ,蔵川浄水場,,茨城県行方市蔵川600-2,,36.029376,140.525835,,,,行方市,一般の方への開放施設ではありません,,,,関係者以外利用禁止,,,
水道課,82333,169,茨城県,行方市,行方市行方浄水場,ナメガタシナメカタジョウスイジョウ,行方浄水場,,茨城県行方市行方899-3,,36.045288,140.461105,,,,行方市,一般の方への開放施設ではありません,,,,関係者以外利用禁止,,,
水道課,82333,170,茨城県,行方市,行方市山田浄水場,ナメガタシヤマダジョウスイジョウ,山田浄水場,,茨城県行方市山田2361-1,,36.080841,140.524002,,,,行方市,一般の方への開放施設ではありません,,,,関係者以外利用禁止,,,
水道課,82333,171,茨城県,行方市,行方市井上浄水場,ナメガタシイノウエジョウスイジョウ,井上浄水場,,茨城県行方市井上1166-1,,36.066819,140.447143,,,,行方市,一般の方への開放施設ではありません,,,,関係者以外利用禁止,,,
水道課,82333,172,茨城県,行方市,行方市谷島浄水場,ナメガタシヤジマジョウスイジョウ,谷島浄水場,,茨城県行方市谷島220,,36.111888,140.406263,,,,行方市,一般の方への開放施設ではありません,,,,関係者以外利用禁止,,,
水道課,82333,173,茨城県,行方市,行方市中山浄水場,ナメガタシナカヤマジョウスイジョウ,中山浄水場,,茨城県行方市芹沢1656-3,,36.135475,140.435366,,,,行方市,一般の方への開放施設ではありません,,,,関係者以外利用禁止,,,
水道課,82333,174,茨城県,行方市,行方市上山浄水場,ナメガタシカミヤマジョウスイジョウ,上山浄水場,,茨城県行方市芹沢920-57,,36.155716,140.444082,,,,行方市,一般の方への開放施設ではありません,,,,関係者以外利用禁止,,,
